{
  "musicList": [{
      "name": "鈴色日和",
      "musicUrl": "music/鈴色日和.mp3",
      "count": 0
    },
    {
      "name": "Wahoo_Rock",
      "musicUrl": "music/Wahoo_Rock.mp3",
      "count": 0
    }, {
      "name": "Welcoming_NOOB",
      "musicUrl": "music/Welcoming_NOOB.mp3",
      "count": 0
    }, {
      "name": "リコーダービート2",
      "musicUrl": "music/リコーダービート2.mp3",
      "count": 0
    }, {
      "name": "たぬきちの冒険",
      "musicUrl": "music/たぬきちの冒険.mp3",
      "count": 0
    }, {
      "name": "ほんわかぷっぷー",
      "musicUrl": "music/123.mp3",
      "count": 0
    }, {
      "name": "子猫のお散歩",
      "musicUrl": "music/子猫のお散歩.mp3",
      "count": 0
    }, {
      "name": "so_sweet",
      "musicUrl": "music/so_sweet.mp3",
      "count": 0
    }, {
      "name": "プロムナード -MAKINA",
      "musicUrl": "music/プロムナード -MAKINA.mp3",
      "count": 0
    }, {
      "name": "雪うさぎのかけっこ",
      "musicUrl": "music/雪うさぎのかけっこ.mp3",
      "count": 0
    }, {
      "name": "famipop3",
      "musicUrl": "music/famipop3.mp3",
      "count": 0
    }, {
      "name": "Cat_life",
      "musicUrl": "music/famipop3.mp3",
      "count": 0
    }, {
      "name": "白上フブキ - April",
      "musicUrl": "music/白上フブキ - April.mp3",
      "count": 0
    }, {
      "name": "白上フブキ - Petit Swing",
      "musicUrl": "music/白上フブキ - Petit Swing.mp3",
      "count": 0
    }, {
      "name": "弾けろポップコーン",
      "musicUrl": "music/弾けろポップコーン.mp3",
      "count": 0
    }, {
      "name": "Foxtail-Grass Studio - 靴下をはいた猫",
      "musicUrl": "music/Foxtail-Grass Studio - 靴下をはいた猫.mp3",
      "count": 0
    }, {
      "name": "Foxtail-Grass Studio - 夜ふかしスイートタイム.flac",
      "musicUrl": "music/Foxtail-Grass Studio - 夜ふかしスイートタイム.flac",
      "count": 0
    }, {
      "name": "ウロウロ、キョロキョロ_2",
      "musicUrl": "music/ウロウロ、キョロキョロ_2.mp3",
      "count": 0
    }, {
      "name": "Everyday kawaii♡  メリッサ",
      "musicUrl": "Everyday kawaii♡  メリッサ.mp3",
      "count": 0
    }, {
      "name": "ピアノで奏でる幻想的なヒーリングBGM  さがはじめ",
      "musicUrl": "ピアノで奏でる幻想的なヒーリングBGM  さがはじめ.mp3",
      "count": 0
    }, {
      "name": "Morning_2",
      "musicUrl": "Morning_2.mp3",
      "count": 0
    }, {
      "name": "PerituneMaterial_Guitar_Gentle",
      "musicUrl": "PerituneMaterial_Guitar_Gentle.mp3",
      "count": 0
    }, {
      "name": "楽しい帰り道_2",
      "musicUrl": "楽しい帰り道_2.mp3",
      "count": 0
    }, {
      "name": "野良猫は宇宙を目指した_2",
      "musicUrl": "野良猫は宇宙を目指した_2.mp3",
      "count": 0
    }, {
      "name": "雨の日のお散歩",
      "musicUrl": "雨の日のお散歩.mp3",
      "count": 0
    }, {
      "name": "くるみ割り人形「葦笛の踊り」犬のお父さんVer_Loop_2",
      "musicUrl": "くるみ割り人形「葦笛の踊り」犬のお父さんVer_Loop_2.mp3",
      "count": 0
    }, {
      "name": "のんびり日和_2",
      "musicUrl": "のんびり日和_2.mp3",
      "count": 0
    }, {
      "name": "週末の予定",
      "musicUrl": "週末の予定.mp3",
      "count": 0
    }, {
      "name": "てくてく",
      "musicUrl": "てくてく.mp3",
      "count": 0
    }, {
      "name": "わくわくクッキングタイム的なBGM",
      "musicUrl": "わくわくクッキングタイム的なBGM.mp3",
      "count": 0
    }, {
      "name": "新学期の通学路的なBGM",
      "musicUrl": "新学期の通学路的なBGM.mp3",
      "count": 0
    }, {
      "name": "昼下がり気分",
      "musicUrl": "昼下がり気分.mp3",
      "count": 0
    }, {
      "name": "のんきな日常生活",
      "musicUrl": "のんきな日常生活.mp3",
      "count": 0
    }, {
      "name": "パステルハウス_2",
      "musicUrl": "パステルハウス_2.mp3",
      "count": 0
    }, {
      "name": "Let’s!",
      "musicUrl": "Let’s!.mp3",
      "count": 0
    }
  ]
}